<SetupFile xmlns:ns0="urn:schemas-johndeere-com:SetupCore" xmlns:xsi="http://www.w3.org/2001/XMLSchema-instance" xmlns:xsd="http://www.w3.org/2001/XMLSchema" xmlns="urn:schemas-johndeere-com:Setup"><SourceApp minor="0" major="1" build="0" revision="0" nameSourceApp="Setup Builder" SourceAppClientId="johndeere-NlESIMTmcy6RjpyfqM29F2BMlq4xsSstZwInorvW" /><FileSchemaVersion nonProductionCode="0"><FileSchemaContentVersion major="2" minor="33" /><UnitOfMeasureVersion major="1" minor="11" /><RepresentationSystemVersion major="3" minor="17" /></FileSchemaVersion><Setup><Client CreationDate="2024-08-28T20:26:17Z" SourceNode="42e8afb9-b6d1-5777-b66b-6024bd99cff8" LastModifiedDate="2024-08-28T20:26:17Z" Archived="false" StringGuid="c736907f-7aa7-5ac3-aef5-4f9f205fcd49" Name="Rost&#283;nice" /><Client CreationDate="2024-08-28T20:26:17Z" SourceNode="42e8afb9-b6d1-5777-b66b-6024bd99cff8" LastModifiedDate="2024-08-28T20:26:17Z" Archived="false" StringGuid="24e839dc-8ab8-589a-8f6a-a7e4faf0f65f" Name="Slavkov" /><Farm CreationDate="2024-08-28T20:26:17Z" SourceNode="42e8afb9-b6d1-5777-b66b-6024bd99cff8" LastModifiedDate="2024-08-28T20:26:17Z" Archived="false" StringGuid="5db13793-a264-5f1a-b462-8358e19ccb8f" Name="Komo&#345;any" Client="c736907f-7aa7-5ac3-aef5-4f9f205fcd49" /><Farm CreationDate="2024-08-28T20:26:17Z" SourceNode="42e8afb9-b6d1-5777-b66b-6024bd99cff8" LastModifiedDate="2024-08-28T20:26:17Z" Archived="false" StringGuid="edcb0a08-83de-517f-bf6a-254b256d8828" Name="Otnice" Client="24e839dc-8ab8-589a-8f6a-a7e4faf0f65f" /><Field CreationDate="2024-08-28T20:26:17Z" SourceNode="42e8afb9-b6d1-5777-b66b-6024bd99cff8" LastModifiedDate="2024-08-28T20:26:17Z" SourceSystemClientId="23bbbe9d-92ec-5556-81ef-c7072d43dee0" Archived="false" StringGuid="23bbbe9d-92ec-5556-81ef-c7072d43dee0" Name="Des&#225;tek od Podb&#345;e&#382;ic spodn&#237;"><Farm>5db13793-a264-5f1a-b462-8358e19ccb8f</Farm></Field><Crop CreationDate="2024-08-28T20:26:17Z" SourceNode="42e8afb9-b6d1-5777-b66b-6024bd99cff8" LastModifiedDate="2024-08-28T20:26:17Z" Archived="false" Id="45" Name="Crop"><Weight Representation="vrCropWeightVolume" Value="23.59" SourceUnit="kg1bu-1" /><StandardPayableMoisture Representation="vrStandardPayableMoisture" Value="8.5" SourceUnit="prcnt" /></Crop><OperationalBoundary CreationDate="2024-08-28T20:26:17Z" SourceNode="42e8afb9-b6d1-5777-b66b-6024bd99cff8" LastModifiedDate="2024-08-28T20:26:17Z" SourceSystemClientId="23bbbe9d-92ec-5556-81ef-c7072d43dee0" Archived="false" StringGuid="f9d9a1a7-240a-56c4-ad4d-a2c0786592fd" TaggedEntity="23bbbe9d-92ec-5556-81ef-c7072d43dee0" Name="Des&#225;tek od Podb&#345;e&#382;ic spodn&#237;02024-08-28T20:26:17Z"><SignalType Representation="dtSignalType" Value="dtiSignalTypeDigitized" /><Geometry><FilenameWithExtension>Boundaryf9d9a1a7-240a-56c4-ad4d-a2c0786592fd.gjson</FilenameWithExtension><Path>./SpatialFiles/</Path></Geometry><ns0:VersionDelimiter>Version 2.33</ns0:VersionDelimiter><ns0:VersionsEnd>End</ns0:VersionsEnd></OperationalBoundary><Guidance><Tracks><ABCurve LastModifiedDate="2024-08-28T20:26:17Z" LastModifiedNode="{cd655c5d-ffa2-4163-913f-f9d4038752e6}" Name="ABCurve-Line_267_275" TaggedEntity="23bbbe9d-92ec-5556-81ef-c7072d43dee0" CreationDate="2024-08-28T20:26:17Z" SourceNode="42e8afb9-b6d1-5777-b66b-6024bd99cff8" StringGuid="2b17006d-55f1-55cc-951b-240b6c87e84c" SourceSystemClientId="23bbbe9d-92ec-5556-81ef-c7072d43dee0">
     <Geometry>
      <FilenameWithExtension>ABCurve2b17006d-55f1-55cc-951b-240b6c87e84c.gjson</FilenameWithExtension>
      <Path>./SpatialFiles/</Path>
     </Geometry>
     <SpatialProjection>
      <ProjectionType Value="dtiProjectionDeere" Representation="dtProjectionType" />
      <ElevationReferencePoint SourceUnit="mm" Value="0" Representation="vrElevation" />
     </SpatialProjection>
     <APoint Latitude="49.20884597785964" Longitude="16.921795989393445" />
     <BPoint Latitude="49.20667685984926" Longitude="16.93534691462844" />
     <Heading SourceUnit="arcdeg" Value="1214.4346700224685" Representation="vrHeading" />
     <OriginalTrackSpacing SourceUnit="mm" Value="2900" Representation="vrTrackSpacing" />
    </ABCurve>
    <AdaptiveCurve LastModifiedDate="2024-08-28T20:26:18Z" LastModifiedNode="{cd655c5d-ffa2-4163-913f-f9d4038752e6}" Name="Adapt-Line_245_253" TaggedEntity="faeaae96-353d-5e79-b4ed-68ee8c5b25b4" CreationDate="2024-08-28T20:26:18Z" SourceNode="42e8afb9-b6d1-5777-b66b-6024bd99cff8" StringGuid="d5a1f199-811e-52d9-89d8-53ea87184d8c" SourceSystemClientId="faeaae96-353d-5e79-b4ed-68ee8c5b25b4">
     <Geometry>
      <FilenameWithExtension>AdaptiveCurved5a1f199-811e-52d9-89d8-53ea87184d8c.gjson</FilenameWithExtension>
      <Path>./SpatialFiles/</Path>
     </Geometry>
     <SpatialProjection>
      <ProjectionType Value="dtiProjectionDeere" Representation="dtProjectionType" />
      <ElevationReferencePoint SourceUnit="mm" Value="0" Representation="vrElevation" />
     </SpatialProjection>
     <ReferenceLatitude SourceUnit="arcdeg" Value="49.21046625491379" Representation="vrLatitude" />
     <ReferenceLongitude SourceUnit="arcdeg" Value="16.94578906791122" Representation="vrLongitude" />
    </AdaptiveCurve>
   <ABLine LastModifiedDate="2024-08-28T20:26:18Z" LastModifiedNode="{cd655c5d-ffa2-4163-913f-f9d4038752e6}" Name="AB-Line_1_1" CreationDate="2024-08-28T20:26:18Z" SourceNode="42e8afb9-b6d1-5777-b66b-6024bd99cff8" StringGuid="60a4394b-4db5-5cd0-ba10-de207adaed02" TaggedEntity="76fa2b39-c422-558c-9336-23a522a1756d" SourceSystemClientId="76fa2b39-c422-558c-9336-23a522a1756d">
     <SpatialProjection>
      <ProjectionType Value="dtiProjectionDeere" Representation="dtProjectionType" />
      <ElevationReferencePoint SourceUnit="m" Value="0" Representation="vrElevation" />
     </SpatialProjection>
     <APoint Latitude="49.20953026031333" Longitude="16.945385684201995" />
     <BPoint Latitude="49.21194416928802" Longitude="16.933805147489636" />
     <SaveMethod Value="dtiABLineMethodBPoint" Representation="dtABLineSaveMethod" />
     <Heading SourceUnit="arcdeg" Value="885.3281975536975" Representation="vrABLineHeading" />
     <OriginalTrackSpacing SourceUnit="mm" Value="6000" Representation="vrTrackSpacing" />
    </ABLine>
    <ABCurve LastModifiedDate="2024-08-28T20:26:18Z" LastModifiedNode="{cd655c5d-ffa2-4163-913f-f9d4038752e6}" Name="ABCurve-Line_2_2" TaggedEntity="76fa2b39-c422-558c-9336-23a522a1756d" CreationDate="2024-08-28T20:26:18Z" SourceNode="42e8afb9-b6d1-5777-b66b-6024bd99cff8" StringGuid="23446bce-9e5b-57b1-b013-4efeddcc59c4" SourceSystemClientId="76fa2b39-c422-558c-9336-23a522a1756d">
     <Geometry>
      <FilenameWithExtension>ABCurve23446bce-9e5b-57b1-b013-4efeddcc59c4.gjson</FilenameWithExtension>
      <Path>./SpatialFiles/</Path>
     </Geometry>
     <SpatialProjection>
      <ProjectionType Value="dtiProjectionDeere" Representation="dtProjectionType" />
      <ElevationReferencePoint SourceUnit="mm" Value="0" Representation="vrElevation" />
     </SpatialProjection>
     <APoint Latitude="49.21230918432144" Longitude="16.93368220027338" />
     <BPoint Latitude="49.209794775208756" Longitude="16.945746469723872" />
     <Heading SourceUnit="arcdeg" Value="922.2929354433702" Representation="vrHeading" />
     <OriginalTrackSpacing SourceUnit="mm" Value="2900" Representation="vrTrackSpacing" />
    </ABCurve>
    <ABCurve LastModifiedDate="2024-08-28T20:26:18Z" LastModifiedNode="{cd655c5d-ffa2-4163-913f-f9d4038752e6}" Name="ABCurve-Line_3_3" TaggedEntity="76fa2b39-c422-558c-9336-23a522a1756d" CreationDate="2024-08-28T20:26:18Z" SourceNode="42e8afb9-b6d1-5777-b66b-6024bd99cff8" StringGuid="a8808b85-58a0-5ae1-8c8c-dfa05ca3534f" SourceSystemClientId="76fa2b39-c422-558c-9336-23a522a1756d">
     <Geometry>
      <FilenameWithExtension>ABCurvea8808b85-58a0-5ae1-8c8c-dfa05ca3534f.gjson</FilenameWithExtension>
      <Path>./SpatialFiles/</Path>
     </Geometry>
     <SpatialProjection>
      <ProjectionType Value="dtiProjectionDeere" Representation="dtProjectionType" />
      <ElevationReferencePoint SourceUnit="mm" Value="0" Representation="vrElevation" />
     </SpatialProjection>
     <APoint Latitude="49.209794775208756" Longitude="16.945746469723872" />
     <BPoint Latitude="49.20886185449101" Longitude="16.945302480724934" />
     <Heading SourceUnit="arcdeg" Value="108.68912941840182" Representation="vrHeading" />
     <OriginalTrackSpacing SourceUnit="mm" Value="2900" Representation="vrTrackSpacing" />
    </ABCurve>
    <ABCurve LastModifiedDate="2024-08-28T20:26:18Z" LastModifiedNode="{cd655c5d-ffa2-4163-913f-f9d4038752e6}" Name="ABCurve-Line_4_4" TaggedEntity="76fa2b39-c422-558c-9336-23a522a1756d" CreationDate="2024-08-28T20:26:18Z" SourceNode="42e8afb9-b6d1-5777-b66b-6024bd99cff8" StringGuid="cba4015c-fb2c-550a-bfe5-7b362f22bfd4" SourceSystemClientId="76fa2b39-c422-558c-9336-23a522a1756d">
     <Geometry>
      <FilenameWithExtension>ABCurvecba4015c-fb2c-550a-bfe5-7b362f22bfd4.gjson</FilenameWithExtension>
      <Path>./SpatialFiles/</Path>
     </Geometry>
     <SpatialProjection>
      <ProjectionType Value="dtiProjectionDeere" Representation="dtProjectionType" />
      <ElevationReferencePoint SourceUnit="mm" Value="0" Representation="vrElevation" />
     </SpatialProjection>
     <APoint Latitude="49.20886185449101" Longitude="16.945302480724934" />
     <BPoint Latitude="49.21003466486791" Longitude="16.93696449731374" />
     <Heading SourceUnit="arcdeg" Value="935.5511208359106" Representation="vrHeading" />
     <OriginalTrackSpacing SourceUnit="mm" Value="2900" Representation="vrTrackSpacing" />
    </ABCurve>
    <ABCurve LastModifiedDate="2024-08-28T20:26:18Z" LastModifiedNode="{cd655c5d-ffa2-4163-913f-f9d4038752e6}" Name="ABCurve-Line_5_5" TaggedEntity="76fa2b39-c422-558c-9336-23a522a1756d" CreationDate="2024-08-28T20:26:18Z" SourceNode="42e8afb9-b6d1-5777-b66b-6024bd99cff8" StringGuid="e7700540-b7e7-56fc-a269-89b3e7297595" SourceSystemClientId="76fa2b39-c422-558c-9336-23a522a1756d">
     <Geometry>
      <FilenameWithExtension>ABCurvee7700540-b7e7-56fc-a269-89b3e7297595.gjson</FilenameWithExtension>
      <Path>./SpatialFiles/</Path>
     </Geometry>
     <SpatialProjection>
      <ProjectionType Value="dtiProjectionDeere" Representation="dtProjectionType" />
      <ElevationReferencePoint SourceUnit="mm" Value="0" Representation="vrElevation" />
     </SpatialProjection>
     <APoint Latitude="49.21003466486791" Longitude="16.93696449731374" />
     <BPoint Latitude="49.208003586496375" Longitude="16.936674278894884" />
     <Heading SourceUnit="arcdeg" Value="233.03077433718659" Representation="vrHeading" />
     <OriginalTrackSpacing SourceUnit="mm" Value="2900" Representation="vrTrackSpacing" />
    </ABCurve>
    <ABCurve LastModifiedDate="2024-08-28T20:26:18Z" LastModifiedNode="{cd655c5d-ffa2-4163-913f-f9d4038752e6}" Name="ABCurve-Line_6_6" TaggedEntity="76fa2b39-c422-558c-9336-23a522a1756d" CreationDate="2024-08-28T20:26:18Z" SourceNode="42e8afb9-b6d1-5777-b66b-6024bd99cff8" StringGuid="ff192a6f-5f92-58e8-ab82-436462c71c06" SourceSystemClientId="76fa2b39-c422-558c-9336-23a522a1756d">
     <Geometry>
      <FilenameWithExtension>ABCurveff192a6f-5f92-58e8-ab82-436462c71c06.gjson</FilenameWithExtension>
      <Path>./SpatialFiles/</Path>
     </Geometry>
     <SpatialProjection>
      <ProjectionType Value="dtiProjectionDeere" Representation="dtProjectionType" />
      <ElevationReferencePoint SourceUnit="mm" Value="0" Representation="vrElevation" />
     </SpatialProjection>
     <APoint Latitude="49.208003586496375" Longitude="16.936674278894884" />
     <BPoint Latitude="49.20957040155286" Longitude="16.929485450093523" />
     <Heading SourceUnit="arcdeg" Value="551.9535781065258" Representation="vrHeading" />
     <OriginalTrackSpacing SourceUnit="mm" Value="2900" Representation="vrTrackSpacing" />
    </ABCurve>
    <ABCurve LastModifiedDate="2024-08-28T20:26:18Z" LastModifiedNode="{cd655c5d-ffa2-4163-913f-f9d4038752e6}" Name="ABCurve-Line_7_7" TaggedEntity="76fa2b39-c422-558c-9336-23a522a1756d" CreationDate="2024-08-28T20:26:18Z" SourceNode="42e8afb9-b6d1-5777-b66b-6024bd99cff8" StringGuid="b94d55aa-7a93-5bb2-bf1c-4d3bc4363974" SourceSystemClientId="76fa2b39-c422-558c-9336-23a522a1756d">
     <Geometry>
      <FilenameWithExtension>ABCurveb94d55aa-7a93-5bb2-bf1c-4d3bc4363974.gjson</FilenameWithExtension>
      <Path>./SpatialFiles/</Path>
     </Geometry>
     <SpatialProjection>
      <ProjectionType Value="dtiProjectionDeere" Representation="dtProjectionType" />
      <ElevationReferencePoint SourceUnit="mm" Value="0" Representation="vrElevation" />
     </SpatialProjection>
     <APoint Latitude="49.20957040155286" Longitude="16.929485450093523" />
     <BPoint Latitude="49.21230918432144" Longitude="16.93368220027338" />
     <Heading SourceUnit="arcdeg" Value="450.8372598168368" Representation="vrHeading" />
     <OriginalTrackSpacing SourceUnit="mm" Value="2900" Representation="vrTrackSpacing" />
    </ABCurve>
    <ABLine LastModifiedDate="2024-08-28T20:26:18Z" LastModifiedNode="{cd655c5d-ffa2-4163-913f-f9d4038752e6}" Name="AB-Line_8_8" CreationDate="2024-08-28T20:26:18Z" SourceNode="42e8afb9-b6d1-5777-b66b-6024bd99cff8" StringGuid="4290be52-ac31-5910-b6b6-0ed6800dedcd" TaggedEntity="5fed3be7-a8ea-527b-b9c1-effbba613779" SourceSystemClientId="5fed3be7-a8ea-527b-b9c1-effbba613779">
     <SpatialProjection>
      <ProjectionType Value="dtiProjectionDeere" Representation="dtProjectionType" />
      <ElevationReferencePoint SourceUnit="m" Value="0" Representation="vrElevation" />
     </SpatialProjection>
     <APoint Latitude="49.20827020040945" Longitude="16.944889645141075" />
     <BPoint Latitude="49.20973507731201" Longitude="16.937862819313693" />
     <SaveMethod Value="dtiABLineMethodBPoint" Representation="dtABLineSaveMethod" />
     <Heading SourceUnit="arcdeg" Value="537.221466967777" Representation="vrABLineHeading" />
     <OriginalTrackSpacing SourceUnit="mm" Value="6000" Representation="vrTrackSpacing" />
    </ABLine>
    <ABCurve LastModifiedDate="2024-08-28T20:26:18Z" LastModifiedNode="{cd655c5d-ffa2-4163-913f-f9d4038752e6}" Name="ABCurve-Line_9_9" TaggedEntity="5fed3be7-a8ea-527b-b9c1-effbba613779" CreationDate="2024-08-28T20:26:18Z" SourceNode="42e8afb9-b6d1-5777-b66b-6024bd99cff8" StringGuid="835e2baf-bfdc-5963-aabd-f114728e0db4" SourceSystemClientId="5fed3be7-a8ea-527b-b9c1-effbba613779">
     <Geometry>
      <FilenameWithExtension>ABCurve835e2baf-bfdc-5963-aabd-f114728e0db4.gjson</FilenameWithExtension>
      <Path>./SpatialFiles/</Path>
     </Geometry>
     <SpatialProjection>
      <ProjectionType Value="dtiProjectionDeere" Representation="dtProjectionType" />
      <ElevationReferencePoint SourceUnit="mm" Value="0" Representation="vrElevation" />
     </SpatialProjection>
     <APoint Latitude="49.21008236041269" Longitude="16.937825430898954" />
     <BPoint Latitude="49.20855534665197" Longitude="16.94514302283227" />
     <Heading SourceUnit="arcdeg" Value="559.4994734485269" Representation="vrHeading" />
     <OriginalTrackSpacing SourceUnit="mm" Value="2900" Representation="vrTrackSpacing" />
    </ABCurve>
    <ABCurve LastModifiedDate="2024-08-28T20:26:18Z" LastModifiedNode="{cd655c5d-ffa2-4163-913f-f9d4038752e6}" Name="ABCurve-Line_10_10" TaggedEntity="5fed3be7-a8ea-527b-b9c1-effbba613779" CreationDate="2024-08-28T20:26:18Z" SourceNode="42e8afb9-b6d1-5777-b66b-6024bd99cff8" StringGuid="03cc5a99-b627-504b-8b96-bba21a1224c9" SourceSystemClientId="5fed3be7-a8ea-527b-b9c1-effbba613779">
     <Geometry>
      <FilenameWithExtension>ABCurve03cc5a99-b627-504b-8b96-bba21a1224c9.gjson</FilenameWithExtension>
      <Path>./SpatialFiles/</Path>
     </Geometry>
     <SpatialProjection>
      <ProjectionType Value="dtiProjectionDeere" Representation="dtProjectionType" />
      <ElevationReferencePoint SourceUnit="mm" Value="0" Representation="vrElevation" />
     </SpatialProjection>
     <APoint Latitude="49.20855534665197" Longitude="16.94514302283227" />
     <BPoint Latitude="49.2055888474474" Longitude="16.94413292949116" />
     <Heading SourceUnit="arcdeg" Value="338.38913800289095" Representation="vrHeading" />
     <OriginalTrackSpacing SourceUnit="mm" Value="2900" Representation="vrTrackSpacing" />
    </ABCurve>
    <ABCurve LastModifiedDate="2024-08-28T20:26:18Z" LastModifiedNode="{cd655c5d-ffa2-4163-913f-f9d4038752e6}" Name="ABCurve-Line_11_11" TaggedEntity="5fed3be7-a8ea-527b-b9c1-effbba613779" CreationDate="2024-08-28T20:26:18Z" SourceNode="42e8afb9-b6d1-5777-b66b-6024bd99cff8" StringGuid="9322602d-98fc-5495-ba85-838b3f095767" SourceSystemClientId="5fed3be7-a8ea-527b-b9c1-effbba613779">
     <Geometry>
      <FilenameWithExtension>ABCurve9322602d-98fc-5495-ba85-838b3f095767.gjson</FilenameWithExtension>
      <Path>./SpatialFiles/</Path>
     </Geometry>
     <SpatialProjection>
      <ProjectionType Value="dtiProjectionDeere" Representation="dtProjectionType" />
      <ElevationReferencePoint SourceUnit="mm" Value="0" Representation="vrElevation" />
     </SpatialProjection>
     <APoint Latitude="49.2055888474474" Longitude="16.94413292949116" />
     <BPoint Latitude="49.204429384808286" Longitude="16.94376377937499" />
     <Heading SourceUnit="arcdeg" Value="132.3912191387644" Representation="vrHeading" />
     <OriginalTrackSpacing SourceUnit="mm" Value="2900" Representation="vrTrackSpacing" />
    </ABCurve>
    <ABCurve LastModifiedDate="2024-08-28T20:26:18Z" LastModifiedNode="{cd655c5d-ffa2-4163-913f-f9d4038752e6}" Name="ABCurve-Line_12_12" TaggedEntity="5fed3be7-a8ea-527b-b9c1-effbba613779" CreationDate="2024-08-28T20:26:18Z" SourceNode="42e8afb9-b6d1-5777-b66b-6024bd99cff8" StringGuid="77907087-da42-5e40-83df-8550b4f2955e" SourceSystemClientId="5fed3be7-a8ea-527b-b9c1-effbba613779">
     <Geometry>
      <FilenameWithExtension>ABCurve77907087-da42-5e40-83df-8550b4f2955e.gjson</FilenameWithExtension>
      <Path>./SpatialFiles/</Path>
     </Geometry>
     <SpatialProjection>
      <ProjectionType Value="dtiProjectionDeere" Representation="dtProjectionType" />
      <ElevationReferencePoint SourceUnit="mm" Value="0" Representation="vrElevation" />
     </SpatialProjection>
     <APoint Latitude="49.204429384808286" Longitude="16.94376377937499" />
     <BPoint Latitude="49.20489204733017" Longitude="16.94220927873528" />
     <Heading SourceUnit="arcdeg" Value="124.39808406959821" Representation="vrHeading" />
     <OriginalTrackSpacing SourceUnit="mm" Value="2900" Representation="vrTrackSpacing" />
    </ABCurve>
    <ABCurve LastModifiedDate="2024-08-28T20:26:18Z" LastModifiedNode="{cd655c5d-ffa2-4163-913f-f9d4038752e6}" Name="ABCurve-Line_13_13" TaggedEntity="5fed3be7-a8ea-527b-b9c1-effbba613779" CreationDate="2024-08-28T20:26:18Z" SourceNode="42e8afb9-b6d1-5777-b66b-6024bd99cff8" StringGuid="63e66bfd-78f7-5313-b1d5-3b20fcb28e65" SourceSystemClientId="5fed3be7-a8ea-527b-b9c1-effbba613779">
     <Geometry>
      <FilenameWithExtension>ABCurve63e66bfd-78f7-5313-b1d5-3b20fcb28e65.gjson</FilenameWithExtension>
      <Path>./SpatialFiles/</Path>
     </Geometry>
     <SpatialProjection>
      <ProjectionType Value="dtiProjectionDeere" Representation="dtProjectionType" />
      <ElevationReferencePoint SourceUnit="mm" Value="0" Representation="vrElevation" />
     </SpatialProjection>
     <APoint Latitude="49.20489204733017" Longitude="16.94220927873528" />
     <BPoint Latitude="49.20736307854327" Longitude="16.938315672930003" />
     <Heading SourceUnit="arcdeg" Value="454.23967169881166" Representation="vrHeading" />
     <OriginalTrackSpacing SourceUnit="mm" Value="2900" Representation="vrTrackSpacing" />
    </ABCurve>
    <ABCurve LastModifiedDate="2024-08-28T20:26:18Z" LastModifiedNode="{cd655c5d-ffa2-4163-913f-f9d4038752e6}" Name="ABCurve-Line_14_14" TaggedEntity="5fed3be7-a8ea-527b-b9c1-effbba613779" CreationDate="2024-08-28T20:26:18Z" SourceNode="42e8afb9-b6d1-5777-b66b-6024bd99cff8" StringGuid="652d9676-a40d-598b-aa2f-c28c2acffb68" SourceSystemClientId="5fed3be7-a8ea-527b-b9c1-effbba613779">
     <Geometry>
      <FilenameWithExtension>ABCurve652d9676-a40d-598b-aa2f-c28c2acffb68.gjson</FilenameWithExtension>
      <Path>./SpatialFiles/</Path>
     </Geometry>
     <SpatialProjection>
      <ProjectionType Value="dtiProjectionDeere" Representation="dtProjectionType" />
      <ElevationReferencePoint SourceUnit="mm" Value="0" Representation="vrElevation" />
     </SpatialProjection>
     <APoint Latitude="49.20736307854327" Longitude="16.938315672930003" />
     <BPoint Latitude="49.20825551088319" Longitude="16.937399204409818" />
     <Heading SourceUnit="arcdeg" Value="153.07315998631486" Representation="vrHeading" />
     <OriginalTrackSpacing SourceUnit="mm" Value="2900" Representation="vrTrackSpacing" />
    </ABCurve>
    <ABCurve LastModifiedDate="2024-08-28T20:26:18Z" LastModifiedNode="{cd655c5d-ffa2-4163-913f-f9d4038752e6}" Name="ABCurve-Line_15_15" TaggedEntity="5fed3be7-a8ea-527b-b9c1-effbba613779" CreationDate="2024-08-28T20:26:18Z" SourceNode="42e8afb9-b6d1-5777-b66b-6024bd99cff8" StringGuid="5d9ac030-2a4b-5f5b-8c54-ddaaa797034f" SourceSystemClientId="5fed3be7-a8ea-527b-b9c1-effbba613779">
     <Geometry>
      <FilenameWithExtension>ABCurve5d9ac030-2a4b-5f5b-8c54-ddaaa797034f.gjson</FilenameWithExtension>
      <Path>./SpatialFiles/</Path>
     </Geometry>
     <SpatialProjection>
      <ProjectionType Value="dtiProjectionDeere" Representation="dtProjectionType" />
      <ElevationReferencePoint SourceUnit="mm" Value="0" Representation="vrElevation" />
     </SpatialProjection>
     <APoint Latitude="49.20825551088319" Longitude="16.937399204409818" />
     <BPoint Latitude="49.21008236041269" Longitude="16.937825430898954" />
     <Heading SourceUnit="arcdeg" Value="211.42496370251675" Representation="vrHeading" />
     <OriginalTrackSpacing SourceUnit="mm" Value="2900" Representation="vrTrackSpacing" />
    </ABCurve>
    <AdaptiveCurve LastModifiedDate="2024-08-28T20:26:18Z" LastModifiedNode="{cd655c5d-ffa2-4163-913f-f9d4038752e6}" Name="Adapt-Line_16_16" TaggedEntity="87aac6b4-2156-5a29-9f38-2f20cb6bb910" CreationDate="2024-08-28T20:26:18Z" SourceNode="42e8afb9-b6d1-5777-b66b-6024bd99cff8" StringGuid="340c8511-572f-5823-866d-fe8827134f8b" SourceSystemClientId="87aac6b4-2156-5a29-9f38-2f20cb6bb910">
     <Geometry>
      <FilenameWithExtension>AdaptiveCurve340c8511-572f-5823-866d-fe8827134f8b.gjson</FilenameWithExtension>
      <Path>./SpatialFiles/</Path>
     </Geometry>
     <SpatialProjection>
      <ProjectionType Value="dtiProjectionDeere" Representation="dtProjectionType" />
      <ElevationReferencePoint SourceUnit="mm" Value="0" Representation="vrElevation" />
     </SpatialProjection>
     <ReferenceLatitude SourceUnit="arcdeg" Value="49.07255851066679" Representation="vrLatitude" />
     <ReferenceLongitude SourceUnit="arcdeg" Value="16.806845902716304" Representation="vrLongitude" />
    </AdaptiveCurve>
   </Tracks></Guidance><Field CreationDate="2024-08-28T20:26:18Z" SourceNode="42e8afb9-b6d1-5777-b66b-6024bd99cff8" LastModifiedDate="2024-08-28T20:26:18Z" SourceSystemClientId="faeaae96-353d-5e79-b4ed-68ee8c5b25b4" Archived="false" StringGuid="faeaae96-353d-5e79-b4ed-68ee8c5b25b4" Name="Des&#225;tek u Dra&#382;ovic od panelky 1"><Farm>5db13793-a264-5f1a-b462-8358e19ccb8f</Farm></Field><Crop CreationDate="2024-08-28T20:26:18Z" SourceNode="42e8afb9-b6d1-5777-b66b-6024bd99cff8" LastModifiedDate="2024-08-28T20:26:18Z" Archived="false" Id="45" Name="Crop"><Weight Representation="vrCropWeightVolume" Value="23.59" SourceUnit="kg1bu-1" /><StandardPayableMoisture Representation="vrStandardPayableMoisture" Value="8.5" SourceUnit="prcnt" /></Crop><OperationalBoundary CreationDate="2024-08-28T20:26:18Z" SourceNode="42e8afb9-b6d1-5777-b66b-6024bd99cff8" LastModifiedDate="2024-08-28T20:26:18Z" SourceSystemClientId="faeaae96-353d-5e79-b4ed-68ee8c5b25b4" Archived="false" StringGuid="02e11d24-0aa8-50a3-883c-2e2f53e73d38" TaggedEntity="faeaae96-353d-5e79-b4ed-68ee8c5b25b4" Name="Des&#225;tek u Dra&#382;ovic od panelky 112024-08-28T20:26:17Z"><SignalType Representation="dtSignalType" Value="dtiSignalTypeDigitized" /><Geometry><FilenameWithExtension>Boundary02e11d24-0aa8-50a3-883c-2e2f53e73d38.gjson</FilenameWithExtension><Path>./SpatialFiles/</Path></Geometry><ns0:VersionDelimiter>Version 2.33</ns0:VersionDelimiter><ns0:VersionsEnd>End</ns0:VersionsEnd></OperationalBoundary><Field CreationDate="2024-08-28T20:26:18Z" SourceNode="42e8afb9-b6d1-5777-b66b-6024bd99cff8" LastModifiedDate="2024-08-28T20:26:18Z" SourceSystemClientId="76fa2b39-c422-558c-9336-23a522a1756d" Archived="false" StringGuid="76fa2b39-c422-558c-9336-23a522a1756d" Name="Des&#225;tek u Dra&#382;ovic od panelky 2"><Farm>5db13793-a264-5f1a-b462-8358e19ccb8f</Farm></Field><Crop CreationDate="2024-08-28T20:26:18Z" SourceNode="42e8afb9-b6d1-5777-b66b-6024bd99cff8" LastModifiedDate="2024-08-28T20:26:18Z" Archived="false" Id="45" Name="Crop"><Weight Representation="vrCropWeightVolume" Value="23.59" SourceUnit="kg1bu-1" /><StandardPayableMoisture Representation="vrStandardPayableMoisture" Value="8.5" SourceUnit="prcnt" /></Crop><OperationalBoundary CreationDate="2024-08-28T20:26:18Z" SourceNode="42e8afb9-b6d1-5777-b66b-6024bd99cff8" LastModifiedDate="2024-08-28T20:26:18Z" SourceSystemClientId="76fa2b39-c422-558c-9336-23a522a1756d" Archived="false" StringGuid="ac55dc99-78ed-5248-ac8b-22eae9e738dd" TaggedEntity="76fa2b39-c422-558c-9336-23a522a1756d" Name="Des&#225;tek u Dra&#382;ovic od panelky 222024-08-28T20:26:17Z"><SignalType Representation="dtSignalType" Value="dtiSignalTypeDigitized" /><Geometry><FilenameWithExtension>Boundaryac55dc99-78ed-5248-ac8b-22eae9e738dd.gjson</FilenameWithExtension><Path>./SpatialFiles/</Path></Geometry><ns0:VersionDelimiter>Version 2.33</ns0:VersionDelimiter><ns0:VersionsEnd>End</ns0:VersionsEnd></OperationalBoundary><Field CreationDate="2024-08-28T20:26:18Z" SourceNode="42e8afb9-b6d1-5777-b66b-6024bd99cff8" LastModifiedDate="2024-08-28T20:26:18Z" SourceSystemClientId="5fed3be7-a8ea-527b-b9c1-effbba613779" Archived="false" StringGuid="5fed3be7-a8ea-527b-b9c1-effbba613779" Name="Des&#225;tek u Dra&#382;ovic od panelky 3"><Farm>5db13793-a264-5f1a-b462-8358e19ccb8f</Farm></Field><Crop CreationDate="2024-08-28T20:26:18Z" SourceNode="42e8afb9-b6d1-5777-b66b-6024bd99cff8" LastModifiedDate="2024-08-28T20:26:18Z" Archived="false" Id="45" Name="Crop"><Weight Representation="vrCropWeightVolume" Value="23.59" SourceUnit="kg1bu-1" /><StandardPayableMoisture Representation="vrStandardPayableMoisture" Value="8.5" SourceUnit="prcnt" /></Crop><OperationalBoundary CreationDate="2024-08-28T20:26:18Z" SourceNode="42e8afb9-b6d1-5777-b66b-6024bd99cff8" LastModifiedDate="2024-08-28T20:26:18Z" SourceSystemClientId="5fed3be7-a8ea-527b-b9c1-effbba613779" Archived="false" StringGuid="f9c2de2a-811a-5aa8-bb9c-170c251c919c" TaggedEntity="5fed3be7-a8ea-527b-b9c1-effbba613779" Name="Des&#225;tek u Dra&#382;ovic od panelky 332024-08-28T20:26:17Z"><SignalType Representation="dtSignalType" Value="dtiSignalTypeDigitized" /><Geometry><FilenameWithExtension>Boundaryf9c2de2a-811a-5aa8-bb9c-170c251c919c.gjson</FilenameWithExtension><Path>./SpatialFiles/</Path></Geometry><ns0:VersionDelimiter>Version 2.33</ns0:VersionDelimiter><ns0:VersionsEnd>End</ns0:VersionsEnd></OperationalBoundary><Field CreationDate="2024-08-28T20:26:18Z" SourceNode="42e8afb9-b6d1-5777-b66b-6024bd99cff8" LastModifiedDate="2024-08-28T20:26:18Z" SourceSystemClientId="87aac6b4-2156-5a29-9f38-2f20cb6bb910" Archived="false" StringGuid="87aac6b4-2156-5a29-9f38-2f20cb6bb910" Name="Oulehle 1"><Farm>edcb0a08-83de-517f-bf6a-254b256d8828</Farm></Field><Crop CreationDate="2024-08-28T20:26:18Z" SourceNode="42e8afb9-b6d1-5777-b66b-6024bd99cff8" LastModifiedDate="2024-08-28T20:26:18Z" Archived="false" Id="45" Name="Crop"><Weight Representation="vrCropWeightVolume" Value="23.59" SourceUnit="kg1bu-1" /><StandardPayableMoisture Representation="vrStandardPayableMoisture" Value="8.5" SourceUnit="prcnt" /></Crop><OperationalBoundary CreationDate="2024-08-28T20:26:18Z" SourceNode="42e8afb9-b6d1-5777-b66b-6024bd99cff8" LastModifiedDate="2024-08-28T20:26:18Z" SourceSystemClientId="87aac6b4-2156-5a29-9f38-2f20cb6bb910" Archived="false" StringGuid="ed0f3714-282b-5bf8-98b8-951d4d7c8863" TaggedEntity="87aac6b4-2156-5a29-9f38-2f20cb6bb910" Name="Oulehle 142024-08-28T20:26:17Z"><SignalType Representation="dtSignalType" Value="dtiSignalTypeDigitized" /><Geometry><FilenameWithExtension>Boundaryed0f3714-282b-5bf8-98b8-951d4d7c8863.gjson</FilenameWithExtension><Path>./SpatialFiles/</Path></Geometry><ns0:VersionDelimiter>Version 2.33</ns0:VersionDelimiter><ns0:VersionsEnd>End</ns0:VersionsEnd></OperationalBoundary><Products /><ChemicalType SourceNode="42e8afb9-b6d1-5777-b66b-6024bd99cff8" LastModifiedDate="1970-01-01T00:00:00Z" Archived="false" StringGuid="cdd99744-8a85-4215-8756-215a45a554c8" Name="P&#345;&#237;sada" /><ChemicalType SourceNode="42e8afb9-b6d1-5777-b66b-6024bd99cff8" LastModifiedDate="1970-01-01T00:00:00Z" Archived="false" StringGuid="7c1d277e-c1b0-4a76-94e1-ac53a630f4b1" Name="Fungicid" /><ChemicalType SourceNode="42e8afb9-b6d1-5777-b66b-6024bd99cff8" LastModifiedDate="1970-01-01T00:00:00Z" Archived="false" StringGuid="fb436e9c-2b11-43b4-8fe8-a5e69cd4bd44" Name="Insekticid" /><ChemicalType SourceNode="42e8afb9-b6d1-5777-b66b-6024bd99cff8" LastModifiedDate="1970-01-01T00:00:00Z" Archived="false" StringGuid="ca0687e8-8c87-4bac-8f65-20b124b82a70" Name="Herbicid" /><ChemicalType SourceNode="42e8afb9-b6d1-5777-b66b-6024bd99cff8" LastModifiedDate="1970-01-01T00:00:00Z" Archived="false" StringGuid="e443333a-e60b-4363-87f8-acc7fcd4eca5" Name="Regul&#225;tor r&#367;stu" /><ChemicalType SourceNode="42e8afb9-b6d1-5777-b66b-6024bd99cff8" LastModifiedDate="1970-01-01T00:00:00Z" Archived="false" StringGuid="077df20c-74e9-43e4-a9fc-e3c666cae578" Name="Stabiliz&#225;tor dus&#237;ku" /><ChemicalType SourceNode="42e8afb9-b6d1-5777-b66b-6024bd99cff8" LastModifiedDate="1970-01-01T00:00:00Z" Archived="false" StringGuid="c518ba6c-fea6-45ca-b666-219216efec65" Name="Pomocn&#225; l&#225;tka" /><ChemicalType SourceNode="42e8afb9-b6d1-5777-b66b-6024bd99cff8" LastModifiedDate="1970-01-01T00:00:00Z" Archived="false" StringGuid="a81750f5-8f21-40aa-98ac-ebe76879d71b" Name="Defoliant" /><FertilizerType SourceNode="42e8afb9-b6d1-5777-b66b-6024bd99cff8" LastModifiedDate="1970-01-01T00:00:00Z" Archived="false" StringGuid="eb2be46e-8876-44d4-9a05-5e2e874a8598" Name="Hn&#367;j" /><FertilizerType SourceNode="42e8afb9-b6d1-5777-b66b-6024bd99cff8" LastModifiedDate="1970-01-01T00:00:00Z" Archived="false" StringGuid="fd2bfe9d-51c6-46f4-98ef-d2a02d7859ea" Name="Hnojivo" /><WorkDescriptor SourceNode="42e8afb9-b6d1-5777-b66b-6024bd99cff8" LastModifiedDate="1970-01-01T00:00:00Z" Archived="false" StringGuid="846f75b4-32b3-4d79-836d-35f97aed7336" Name="Sen&#237;" /><WorkDescriptor SourceNode="42e8afb9-b6d1-5777-b66b-6024bd99cff8" LastModifiedDate="1970-01-01T00:00:00Z" Archived="false" StringGuid="fcda4068-992a-4bf6-ac69-d5e882bfa766" Name="S&#225;zen&#237;" /><WorkDescriptor SourceNode="42e8afb9-b6d1-5777-b66b-6024bd99cff8" LastModifiedDate="1970-01-01T00:00:00Z" Archived="false" StringGuid="c48ff03d-4ae2-4446-9e0e-2505e43b2572" Name="Post&#345;ik p&#345;ed v&#253;skyt." /><WorkDescriptor SourceNode="42e8afb9-b6d1-5777-b66b-6024bd99cff8" LastModifiedDate="1970-01-01T00:00:00Z" Archived="false" StringGuid="3df13267-c5ee-4cc3-ab79-7cf013dc1e98" Name="Post&#345;ik po v&#253;skytu" /><WorkDescriptor SourceNode="42e8afb9-b6d1-5777-b66b-6024bd99cff8" LastModifiedDate="1970-01-01T00:00:00Z" Archived="false" StringGuid="fc3073ce-4cd0-4a45-b0d8-29be19fe8e9e" Name="Sklize&#328;" /><WorkDescriptor SourceNode="42e8afb9-b6d1-5777-b66b-6024bd99cff8" LastModifiedDate="1970-01-01T00:00:00Z" Archived="false" StringGuid="5839867b-ed2d-43ef-8214-27cc997b2dd4" Name="Orba" /><WorkDescriptor SourceNode="42e8afb9-b6d1-5777-b66b-6024bd99cff8" LastModifiedDate="1970-01-01T00:00:00Z" Archived="false" StringGuid="920a0b2f-668a-4480-b93c-de2d13c5b0a5" Name="Prvn&#237; sb&#283;r bavlny" /><WorkDescriptor SourceNode="42e8afb9-b6d1-5777-b66b-6024bd99cff8" LastModifiedDate="1970-01-01T00:00:00Z" Archived="false" StringGuid="c8a0dc9a-b163-4d0a-879e-b49e6758acc8" Name="Druh&#253; sb&#283;r bavlny" /><MachineType SourceNode="42e8afb9-b6d1-5777-b66b-6024bd99cff8" LastModifiedDate="1970-01-01T00:00:00Z" Archived="false" StringGuid="99edf0e0-4abb-42d3-9798-327439a39c38" Name="Skl&#237;ze&#269;ka p&#237;ce" ReferenceID="4" /><MachineModel SourceNode="42e8afb9-b6d1-5777-b66b-6024bd99cff8" LastModifiedDate="1970-01-01T00:00:00Z" Archived="false" StringGuid="5b42251c-ff99-4987-a41c-af855dd4a0f7" Name="9900" MachineType="99edf0e0-4abb-42d3-9798-327439a39c38" ModelId="0" /><Machine SourceNode="42e8afb9-b6d1-5777-b66b-6024bd99cff8" LastModifiedDate="1970-01-01T00:00:00Z" Archived="false" StringGuid="214a6c0e-5900-4e60-935a-95708f3d21b0" Name="9900 Jasno" SerialNumber="" MachineType="99edf0e0-4abb-42d3-9798-327439a39c38" MachineModel="5b42251c-ff99-4987-a41c-af855dd4a0f7"><MachineDefinition><MachineSettings><HitchType Representation="dtHitchType" Value="dtiFrontRigidThreePoint" /><Offsets><ReceiverOffset Representation="vrReceiverOffset" Value="0" SourceUnit="m" /><GPSToNonSteeringAxleOffset Representation="vrGPSToNonSteeringAxleOffset" Value="0" SourceUnit="m" /><MachineReceiverVerticalOffset Representation="vrMachineVerticalReceiverOffset" Value="0" SourceUnit="m" /><NonSteeringAxleLocation Representation="dtNonSteeringAxleLocation" Value="dtiFrontAxle" /><LateralOffsetType Representation="dtLateralOffsetType" Value="dtiLateralRight" /><ConnectionDistances><NonSteeringAxleToConnectionOffset Representation="vrNonSteeringAxleToConnectionOffset" Value="0" SourceUnit="m" /><ConnectionType Representation="dtHitchType" Value="dtiFrontRigidThreePoint" /></ConnectionDistances></Offsets></MachineSettings></MachineDefinition></Machine><FlagCategory CreationDate="2022-04-29T04:04:09.294Z" SourceNode="42e8afb9-b6d1-5777-b66b-6024bd99cff8" LastModifiedDate="2022-04-29T04:04:09.294Z" SourceSystemClientId="87aac6b4-2156-5a29-9f38-2f20cb6bb910" Archived="false" StringGuid="a98734b7-21cc-4c82-85de-8dd22edb2d39" Name="test" /><FlagCategory CreationDate="2020-09-15T09:24:02.654Z" SourceNode="42e8afb9-b6d1-5777-b66b-6024bd99cff8" LastModifiedDate="2022-04-29T04:04:09.879Z" SourceSystemClientId="87aac6b4-2156-5a29-9f38-2f20cb6bb910" Archived="false" StringGuid="688c20bb-9609-4590-95c9-649ba65c06df" Name="Rocks" /><FlagCategory CreationDate="2020-09-15T09:24:02.654Z" SourceNode="42e8afb9-b6d1-5777-b66b-6024bd99cff8" LastModifiedDate="2022-04-29T04:04:09.876Z" SourceSystemClientId="87aac6b4-2156-5a29-9f38-2f20cb6bb910" Archived="false" StringGuid="2eced4e2-8601-469c-90ff-f68928e75d96" Name="Field Notes" /><FlagCategory CreationDate="2020-09-15T09:24:02.654Z" SourceNode="42e8afb9-b6d1-5777-b66b-6024bd99cff8" LastModifiedDate="2022-04-29T04:04:09.883Z" SourceSystemClientId="87aac6b4-2156-5a29-9f38-2f20cb6bb910" Archived="false" StringGuid="186b9781-04e3-4c8a-a872-fe9fa1493914" Name="Weeds" /><UserDefinedType SourceNode="42e8afb9-b6d1-5777-b66b-6024bd99cff8" LastModifiedDate="2014-10-24T00:00:00Z" Archived="false" StringGuid="0f592078-a596-477d-8e6a-8f12a50b7389" Name="Typ orby"><UserDefinedTypeInstance SourceNode="63bb0e30-cb38-4faf-9e1c-c0760ce01ee6" LastModifiedDate="2014-10-24T00:00:00Z" Archived="false" StringGuid="6c55529d-5b4d-4e3e-b986-18cebf54f4d6" Name="Prvn&#237; orba" /><UserDefinedTypeInstance SourceNode="63bb0e30-cb38-4faf-9e1c-c0760ce01ee6" LastModifiedDate="2014-10-24T00:00:00Z" Archived="false" StringGuid="4e51f08c-5e52-42fb-b1b0-0732207e189a" Name="Druh&#225; orba" /><UserDefinedTypeInstance SourceNode="63bb0e30-cb38-4faf-9e1c-c0760ce01ee6" LastModifiedDate="2014-10-24T00:00:00Z" Archived="false" StringGuid="ddaf2662-df39-488d-9a40-2fec15887cd7" Name="Rota&#269;n&#237; kyp&#345;idlo" /><UserDefinedTypeInstance SourceNode="63bb0e30-cb38-4faf-9e1c-c0760ce01ee6" LastModifiedDate="2014-10-24T00:00:00Z" Archived="false" StringGuid="842c34a2-0585-4d3d-b115-33788f0c62e8" Name="Kultivace &#345;. plodin" /></UserDefinedType><UserDefinedType SourceNode="42e8afb9-b6d1-5777-b66b-6024bd99cff8" LastModifiedDate="2014-10-24T00:00:00Z" Archived="false" StringGuid="59af1349-f54c-456c-b8f5-6d1496bcf1c8" Name="Sen&#237;OrbaPraxe"><UserDefinedTypeInstance SourceNode="63bb0e30-cb38-4faf-9e1c-c0760ce01ee6" LastModifiedDate="2014-10-24T00:00:00Z" Archived="false" StringGuid="8ab0c735-dcbb-4495-bdd6-7879fcb7fe6c" Name="Bez orby" /><UserDefinedTypeInstance SourceNode="63bb0e30-cb38-4faf-9e1c-c0760ce01ee6" LastModifiedDate="2014-10-24T00:00:00Z" Archived="false" StringGuid="eb1fa803-302b-464b-b133-fdc36b2c5513" Name="&#344;&#225;dkov&#225; orba" /><UserDefinedTypeInstance SourceNode="63bb0e30-cb38-4faf-9e1c-c0760ce01ee6" LastModifiedDate="2014-10-24T00:00:00Z" Archived="false" StringGuid="248d0627-d13a-4f9c-968f-ba9ea8b5e205" Name="Obor&#225;n&#237;" /><UserDefinedTypeInstance SourceNode="63bb0e30-cb38-4faf-9e1c-c0760ce01ee6" LastModifiedDate="2014-10-24T00:00:00Z" Archived="false" StringGuid="c9c74920-e920-44ea-b28b-c4c65b9b0cdc" Name="Mul&#269;ovac&#237; orba" /><UserDefinedTypeInstance SourceNode="63bb0e30-cb38-4faf-9e1c-c0760ce01ee6" LastModifiedDate="2014-10-24T00:00:00Z" Archived="false" StringGuid="f84ce98b-564b-4dc8-98e1-7a2fc3129d0e" Name="Omezen&#225; orba" /><UserDefinedTypeInstance SourceNode="63bb0e30-cb38-4faf-9e1c-c0760ce01ee6" LastModifiedDate="2014-10-24T00:00:00Z" Archived="false" StringGuid="a0e97081-48ca-4ff5-b4d6-313fd6d849a3" Name="B&#283;&#382;n&#225; orba" /></UserDefinedType><UserDefinedType SourceNode="42e8afb9-b6d1-5777-b66b-6024bd99cff8" LastModifiedDate="2014-10-24T00:00:00Z" Archived="false" StringGuid="93a85c5d-7d67-4e3f-9561-95b34fb0207d" Name="Typ zprac. zbytk&#367;"><UserDefinedTypeInstance SourceNode="63bb0e30-cb38-4faf-9e1c-c0760ce01ee6" LastModifiedDate="2014-10-24T00:00:00Z" Archived="false" StringGuid="d4765065-fc8e-4787-a222-98f120bfd51c" Name="Kladen&#237; do &#345;&#225;dk&#367;" /><UserDefinedTypeInstance SourceNode="63bb0e30-cb38-4faf-9e1c-c0760ce01ee6" LastModifiedDate="2014-10-24T00:00:00Z" Archived="false" StringGuid="936bfac4-cf82-4f8c-b8cd-7fabb588dcf2" Name="Sekan&#233;" /><UserDefinedTypeInstance SourceNode="63bb0e30-cb38-4faf-9e1c-c0760ce01ee6" LastModifiedDate="2014-10-24T00:00:00Z" Archived="false" StringGuid="03b73715-7d6f-49be-b202-77cb07c5417f" Name="Rozmet&#225;n&#237;" /><UserDefinedTypeInstance SourceNode="63bb0e30-cb38-4faf-9e1c-c0760ce01ee6" LastModifiedDate="2014-10-24T00:00:00Z" Archived="false" StringGuid="66bb9df6-1b66-4164-b006-a7f5c234ceee" Name="Sek&#225;n&#237; a rozmet&#225;n&#237;" /></UserDefinedType><UserDefinedType SourceNode="42e8afb9-b6d1-5777-b66b-6024bd99cff8" LastModifiedDate="2014-10-24T00:00:00Z" Archived="false" StringGuid="db4f1d89-8a19-4d02-a821-1db3926502c4" Name="N&#225;kladn&#237; voz&#237;k"><UserDefinedTypeInstance SourceNode="63bb0e30-cb38-4faf-9e1c-c0760ce01ee6" LastModifiedDate="2014-10-24T00:00:00Z" Archived="false" StringGuid="8bb60273-e533-422d-8709-7a90482b98c9" Name="Vle&#269;ka na zrn&#237;" /><UserDefinedTypeInstance SourceNode="63bb0e30-cb38-4faf-9e1c-c0760ce01ee6" LastModifiedDate="2014-10-24T00:00:00Z" Archived="false" StringGuid="20e7565c-549e-4a6a-ba94-dd70d4e53c69" Name="Vle&#269;ka na bavlnu" /><UserDefinedTypeInstance SourceNode="63bb0e30-cb38-4faf-9e1c-c0760ce01ee6" LastModifiedDate="2014-10-24T00:00:00Z" Archived="false" StringGuid="5f79968b-5cf7-4029-bfdd-789e36608b9c" Name="N&#225;kladn&#237; v&#367;z" /></UserDefinedType><UserDefinedType SourceNode="42e8afb9-b6d1-5777-b66b-6024bd99cff8" LastModifiedDate="2014-10-24T00:00:00Z" Archived="false" StringGuid="40a883b1-da87-491e-95c2-9187b6a65b5a" Name="C&#237;lov&#233; m&#237;sto zrna" /><UserDefinedType SourceNode="42e8afb9-b6d1-5777-b66b-6024bd99cff8" LastModifiedDate="2014-10-24T00:00:00Z" Archived="false" StringGuid="3703f56b-6a44-436f-a3a5-8b95770e7da2" Name="Hodn&#283; o&#269;kovadla typu"><UserDefinedTypeInstance SourceNode="63bb0e30-cb38-4faf-9e1c-c0760ce01ee6" LastModifiedDate="2014-10-24T00:00:00Z" Archived="false" StringGuid="75a26448-4fbc-4f6d-8eba-fb274d1e57f8" Name="Vysokoobjemov&#233; adit." /></UserDefinedType><UserDefinedType SourceNode="42e8afb9-b6d1-5777-b66b-6024bd99cff8" LastModifiedDate="2014-10-24T00:00:00Z" Archived="false" StringGuid="bc3d52e3-7117-44e1-ae2a-b3d4659a1910" Name="M&#225;lo o&#269;kovadla typu"><UserDefinedTypeInstance SourceNode="63bb0e30-cb38-4faf-9e1c-c0760ce01ee6" LastModifiedDate="2014-10-24T00:00:00Z" Archived="false" StringGuid="1d2f9d4d-6506-409f-bdeb-3fd5a938f1d2" Name="N&#237;zkoobjemov&#233; adit." /></UserDefinedType><UserDefinedType SourceNode="42e8afb9-b6d1-5777-b66b-6024bd99cff8" LastModifiedDate="2014-10-24T00:00:00Z" Archived="false" StringGuid="e47b11f4-9495-4c36-a474-dd2e6558acf1" Name="Jin&#253; typ" /><UserDefinedType SourceNode="42e8afb9-b6d1-5777-b66b-6024bd99cff8" LastModifiedDate="2014-10-24T00:00:00Z" Archived="false" StringGuid="f5123955-8825-489c-be90-c159e994dec9" Name="P&#345;eprava" Parent="e47b11f4-9495-4c36-a474-dd2e6558acf1" /><UserDefinedType SourceNode="42e8afb9-b6d1-5777-b66b-6024bd99cff8" LastModifiedDate="2014-10-24T00:00:00Z" Archived="false" StringGuid="db972a66-da82-4bb2-998c-361d2c34f37c" Name="Bal&#237;kov&#225;n&#237;" Parent="e47b11f4-9495-4c36-a474-dd2e6558acf1" /><UserDefinedType SourceNode="42e8afb9-b6d1-5777-b66b-6024bd99cff8" LastModifiedDate="2014-10-24T00:00:00Z" Archived="false" StringGuid="c1e7103d-2ee2-4781-bd3c-0bc3f647905b" Name="Provzdu&#353;n&#283;n&#237;" Parent="e47b11f4-9495-4c36-a474-dd2e6558acf1" /><UserDefinedType SourceNode="42e8afb9-b6d1-5777-b66b-6024bd99cff8" LastModifiedDate="2014-10-24T00:00:00Z" Archived="false" StringGuid="b6326cad-3757-483f-8ade-6583f931a0ee" Name="R&#367;zn&#233;" Parent="e47b11f4-9495-4c36-a474-dd2e6558acf1" /><UserDefinedType SourceNode="42e8afb9-b6d1-5777-b66b-6024bd99cff8" LastModifiedDate="2014-10-24T00:00:00Z" Archived="false" StringGuid="f775799a-41a8-4548-81bd-b06421c509ad" Name="Se&#269;en&#237;" Parent="e47b11f4-9495-4c36-a474-dd2e6558acf1" /><UserDefinedType SourceNode="42e8afb9-b6d1-5777-b66b-6024bd99cff8" LastModifiedDate="2014-10-24T00:00:00Z" Archived="false" StringGuid="84d15525-1727-414d-a7fc-87d3fb900858" Name="Pozorov&#225;n&#237;" Parent="e47b11f4-9495-4c36-a474-dd2e6558acf1" /><UserDefinedType SourceNode="42e8afb9-b6d1-5777-b66b-6024bd99cff8" LastModifiedDate="2014-10-24T00:00:00Z" Archived="false" StringGuid="9b031e2d-672b-4ac1-ad2a-b4396fe2e1b1" Name="Odb&#283;r p&#367;dy" Parent="e47b11f4-9495-4c36-a474-dd2e6558acf1" /><SourceInformation><DisplayName>GS4_4600</DisplayName><Version>1.0.0.0</Version><SourceApplication>Setup Builder</SourceApplication></SourceInformation></Setup></SetupFile>